1,saird0,eickowics0@buzzfeed.com,aLZvlJeqKAnb
2,swarsap1,cpietrowicz1@wired.com,finwKnBJ
3,ggohn2,naiskrigg2@123-reg.co.uk,vLTZCesSKlhs
4,dhubbert3,ekahler3@smugmug.com,dtAegySHFFf
5,tcandlish4,aisakov4@livejournal.com,lMuLRMiykWh
6,cdeviney5,klinnit5@live.com,iTlNImrY
7,bganiclef6,joxbury6@de.vu,3Q5bRC3gFN
8,dplante7,kkerrod7@shinystat.com,vtQGRlxflh1
9,gduncan8,aflowerden8@purevolume.com,jizDAFouyrZ
10,cbirchwood9,jhannen9@yelp.com,vNnIkA0VyI
11,rbrennona,edurranta@howstuffworks.com,bOMGwmM4iayD
12,ctebaldb,cjardeinb@ow.ly,B2JmzXa
13,hcecerec,egahaganc@blinklist.com,CeqeAwt
14,ldennertd,mderdesd@ox.ac.uk,eoUYiU1IhgG7
15,jbrosele,lrousbye@acquirethisname.com,cyEdxz
16,hatackf,marnsonf@ebay.com,O2iZ37Wj42
17,cnewisg,sknevetg@businessweek.com,BKwX6o
18,hfeakh,jbottomerh@cnet.com,wgc8CA
19,acochi,pbolstridgei@google.fr,JPSVIc
20,ccockrillj,rbullierj@springer.com,6Thucojb9kJ
21,acattermoulk,egiacopettik@ning.com,VRP5N9Y
22,cmacparlandl,ksabatinil@woothemes.com,TkGKZzQ9lNz9
23,dexeterm,willemm@diigo.com,Fbhrbw
24,celiffn,fwhitseyn@icio.us,nmZ4kv3RwG6
25,nmurkuso,emorfello@google.co.jp,rCg94W1KWs8
26,kraddishp,braisep@ihg.com,es1uoVpTeTy
27,bmccarrellq,cmahoneyq@geocities.com,E22hEVyLx
28,tholylandr,jsmeallr@upenn.edu,2aI2aIFzo
29,sparriss,rgentreaus@moonfruit.com,4F13GFH
30,hwaelandt,aklosert@google.de,y7mO3G6
31,hwurstu,ktincknellu@cnbc.com,VJVG61pJKOT
32,jkolodziejskiv,hplumev@goo.gl,poeocagcTQo
33,lgrunguerw,dgegayw@goo.gl,NVrWWECT
34,teroniex,sreadiex@theguardian.com,4AeFIV
35,lyantsurevy,mlidgeyy@google.ca,5kJfoueMtk6l
36,jbittanyz,kroycroftz@blogspot.com,YVVgEveztHs
37,tdudliston10,mcorradini10@1688.com,dsasb3yf1MpI
38,dpaoloni11,smatuskiewicz11@51.la,o3nufR
39,jpinchbeck12,daprahamian12@spiegel.de,8I3FIOo
40,wslafford13,kpoznan13@dot.gov,LnwjiPyFZ
41,nyakob14,atoten14@geocities.jp,vGtle6wte
42,ewoolfitt15,dcridge15@slate.com,vznOpCMP2be
43,ycherrison16,delphick16@netscape.com,qHbrRJO
44,obushell17,nvarsey17@jiathis.com,1ELgcGohHS
45,kmowsdale18,mhobbema18@devhub.com,NVK03u4
46,mcharer19,mjagels19@list-manage.com,VbClwj
47,mcroutear1a,bbroxholme1a@geocities.com,DXj4JN3
48,aalaway1b,suff1b@istockphoto.com,GPG845T
49,sklimochkin1c,rbabidge1c@live.com,plrxkPigX
50,dkohnert1d,jzimmerman1d@eventbrite.com,N4LjKtED
51,mlasty1e,eclaffey1e@wikimedia.org,OjxZO9l5I9
52,ibretelle1f,mbarthropp1f@gov.uk,AbMV7w5jpz3x
53,ewoodroffe1g,etampling1g@last.fm,srR8Iad
54,nmatys1h,sbate1h@dell.com,lDZHv4
55,mgadson1i,aneesam1i@seattletimes.com,41D3gLjU44TL
56,astleger1j,cjaeggi1j@nps.gov,d2aE1jVI2I
57,eseckington1k,pmadine1k@1688.com,zaKcCXFPp
58,mmarkos1l,cfreckleton1l@wsj.com,qU6BIuGGw2Md
59,focarran1m,cbollen1m@sphinn.com,vtrafbLW6on
60,jstrugnell1n,krooke1n@elpais.com,BQveHpHcom
61,etattoo1o,cbatistelli1o@boston.com,LkJWBvusU1
62,fhinks1p,sfoch1p@techcrunch.com,Z3wvs5pz
63,sclaybourne1q,mgainseford1q@moonfruit.com,phTpS16nL
64,thawthorne1r,acollings1r@live.com,MGi27mhIGeq
65,wandriss1s,kdelacourt1s@usa.gov,Ke9FqmC
66,gdictus1t,mletteresse1t@auda.org.au,x7k3vQ1yq7i
67,ajay1u,mpuckham1u@about.com,K8PnRRrdQK45
68,mlongmore1v,rpauluzzi1v@list-manage.com,U8318QfwmjY
69,rwelds1w,eboucher1w@joomla.org,qISdRY6z
70,klinthead1x,aegdell1x@goo.gl,NYEnc9
71,ehadland1y,rmagnay1y@state.gov,FOaLMr
72,kpaur1z,fbendel1z@marketwatch.com,DQwig17Ec
73,wcresar20,omasse20@irs.gov,3HnwvnrLH3gH
74,vyorkston21,schinnery21@blog.com,y2y6LT79
75,lcolleran22,shefferan22@jugem.jp,ZFKGRsvYxc
76,whendin23,kairy23@google.fr,r2nDDWNh
77,nmcgaugey24,hreast24@ihg.com,uDniBRHW5X
78,etower25,akitcat25@washington.edu,IZRTXDs
79,mmabon26,bbondley26@businessinsider.com,rV2WCOA3YgM
80,ewalburn27,lriddock27@geocities.com,5AoHVP
81,jcampe28,odrakes28@baidu.com,fWsACyei
82,aheiner29,gbrixey29@bloomberg.com,B6FjnbeXHhF
83,mtritten2a,ibelcher2a@examiner.com,VPHRhnC
84,bpolly2b,mmucklow2b@mac.com,SQGb8x
85,sgemmell2c,jcardus2c@people.com.cn,zgifgLSmlh
86,gkimbrough2d,bpottberry2d@bloglines.com,MD8VgCnyqT
87,jcampa2e,gsoppeth2e@networksolutions.com,iNd51X
88,nholbarrow2f,jpowter2f@webnode.com,z2JVWiQjwu
89,fdalbey2g,ustieger2g@naver.com,ybke4Bg1xIX
90,bbucky2h,cgreenstock2h@goo.gl,21fI3BPzP
91,dshewan2i,mboland2i@hibu.com,JFjIW5rerE
92,mholbarrow2j,qbiesty2j@japanpost.jp,yIaGkkSkbpm
93,lsyne2k,breilly2k@tmall.com,Y5Oq1gg
94,ccure2l,clawland2l@bizjournals.com,1L2Aukelr53V
95,htown2m,zpillman2m@webeden.co.uk,H6ib8Hdg
96,ncossem2n,fdyball2n@indiatimes.com,p1c1Y1H
97,mdressell2o,aabarrow2o@is.gd,VgcXGNYh0
98,wstidever2p,mjedraszek2p@storify.com,87NTOIk
99,rfisbey2q,arickaert2q@deviantart.com,YLg44oONdh
100,gwoolliams2r,gparrett2r@washington.edu,RiMElkI92
101,clewerenz2s,hstafford2s@pinterest.com,fUXRHp9A
102,mkennifick2t,bbuist2t@theglobeandmail.com,d2BFmmrC
103,aollerhad2u,mtweedle2u@networkadvertising.org,AgdWli38MQo
104,svalerius2v,wshellcross2v@huffingtonpost.com,nOHoHWtcK4k
105,ctrunchion2w,lbirney2w@dedecms.com,PTSw38BDG
106,eleathart2x,hstoggell2x@creativecommons.org,gYk09SM6TDE
107,jthwaite2y,gsturror2y@amazon.co.jp,VTa1Me
108,ewilshaw2z,cchimes2z@imdb.com,JIlqSnoHgCRI
109,dbompass30,cmazey30@myspace.com,TAb8eXGdgo
110,gcourtney31,kseston31@census.gov,sG0CNVny2TW0
111,rfenemore32,cpowers32@biblegateway.com,oBvgZSYQ
112,khedney33,cyeoman33@foxnews.com,QP851ca7nbU7
113,hgoding34,kcloake34@digg.com,FtQ2PJZdF
114,dhuetson35,mhymer35@gizmodo.com,oKimbRzPX
115,jbeardshaw36,abuckam36@hhs.gov,g02LdYM
116,peast37,tlackey37@hugedomains.com,TVdQpohp08
117,rbohlje38,hfahrenbacher38@zdnet.com,DqdzSz2Fo
118,dmatveiko39,kperillo39@china.com.cn,rTxT0eKdhB9h
119,mrochewell3a,cmatteoni3a@hibu.com,RGEa5J9eMAj
120,bgallymore3b,tzanazzi3b@netlog.com,IE0bXs
121,phogsden3c,rmannagh3c@whitehouse.gov,IJ78Za7Ib1
122,nelcome3d,amace3d@moonfruit.com,8pzNah6Hd
123,bturbill3e,sfarley3e@sciencedirect.com,N6B0Fm
124,eallred3f,gcalley3f@studiopress.com,phEnDjQ
125,rciciura3g,amccurtain3g@google.it,feySLpK8LI
126,pbeeston3h,rgarrood3h@princeton.edu,z1npDFsz
127,adeluna3i,mwitherington3i@tuttocitta.it,GYibaSi4uo
128,vboteman3j,nadamsen3j@phpbb.com,hSnReNyC
129,cmaccroary3k,mdodshun3k@netlog.com,tMJVgCXPCA
130,gmillan3l,edawson3l@sogou.com,rf8S0Z
131,ckloster3m,tbruck3m@joomla.org,AvddG2gdb1
132,ccarroll3n,csnelgar3n@google.cn,jIFdWoms4gy
133,swissby3o,chanburybrown3o@reddit.com,ZRCDPB4
134,hinstone3p,lgerwood3p@digg.com,RM2H20rpqqjb
135,mplenty3q,tgoldsmith3q@ning.com,LXH6Ed9
136,nkinforth3r,kphilot3r@list-manage.com,DXBwv6Fd
137,bperon3s,haustwick3s@cisco.com,BISWBFDM
138,rcoke3t,srothert3t@epa.gov,NOHrGkeBB9f
139,jathridge3u,krosterne3u@comcast.net,K01ryIcBMl7
140,lbissill3v,ebigby3v@geocities.com,NG4ITV
141,cmenci3w,stregensoe3w@xrea.com,g8luhf
142,bpoor3x,jtrent3x@tumblr.com,i5D6NnmBmv
143,eproske3y,ledelston3y@army.mil,ShEus96RAwF
144,cleverton3z,twhitcomb3z@va.gov,Z4kTnUGiwXL
145,amillsom40,nleber40@chron.com,8sA8HgDLsmE3
146,cmoland41,bsilbersak41@cdbaby.com,GiBUgt
147,fexell42,wglanton42@thetimes.co.uk,64COB5Bz2
148,wflori43,mgillooly43@fc2.com,bapijL
149,xtrimbey44,atytterton44@mac.com,lycHhtg6WG
150,bslatford45,sdantonio45@csmonitor.com,GKgkfgpfI
151,tbessell46,kwilcher46@uol.com.br,KpvX8Kz5
152,talphege47,ailiff47@diigo.com,p2AlKhqIvk
153,clob48,nbakhrushkin48@bbc.co.uk,8ch9Y5n
154,dgutierrez49,bcinderey49@seattletimes.com,OpFfIzbcx
155,vjanku4a,lmcgrae4a@un.org,mKL2AYqfNkG
156,anend4b,jbellelli4b@reference.com,sA3PqbPrSxyV
157,mgarie4c,njurisch4c@microsoft.com,lFGmV1g
158,mnewcombe4d,ndoerrling4d@blogs.com,gyNEl6uCU
159,gvirgin4e,phetterich4e@usnews.com,IBy8s5r55m
160,wwinspar4f,biorillo4f@columbia.edu,ovI4xwx5
161,mpitkethly4g,bbavidge4g@amazon.co.jp,wY0h9Lja
162,jjerosch4h,astubbert4h@paypal.com,djNYEPxIkX9
163,mflockhart4i,gbentzen4i@usgs.gov,GluLdMY5p
164,pgreatorex4j,rfilgate4j@yale.edu,4Mc1vcu
165,kcure4k,iuzielli4k@gravatar.com,FIojaiFZslkZ
166,hplacide4l,ehacaud4l@youtube.com,8DKH2WV
167,aalvarado4m,cschirak4m@dedecms.com,cgn3Hkra
168,kmccaull4n,tlaffoleylane4n@army.mil,cEG5o0lx
169,hpurle4o,bheller4o@google.de,AAGhFF4mvKm
170,tspofford4p,gprobetts4p@hugedomains.com,vFCGjj
171,aharbinson4q,mvanhove4q@zimbio.com,4iMxzO93p
172,rsankey4r,lhabbon4r@goo.ne.jp,zcFowV
173,hrosterne4s,crenzullo4s@creativecommons.org,cRzqWxP
174,erahlof4t,dheggie4t@vinaora.com,whCUcb
175,mballham4u,bclaye4u@cbc.ca,2kYMwUgcJ8Ux
176,ldiggles4v,hgrubey4v@slideshare.net,zH7K4ZGKZA0u
177,mwisker4w,gcheatle4w@woothemes.com,BRfnu7Rpx
178,rquin4x,cmccartan4x@mapy.cz,wBo7WFbPeo
179,yjuett4y,jcaillou4y@washingtonpost.com,3TNYxt5Djo6F
180,dphillips4z,bdownage4z@com.com,XWeNUMIpdn
181,pswitsur50,twilloughby50@eventbrite.com,Bf4xa4pf
182,blundy51,bmckomb51@wikispaces.com,SUK2jWf
183,jdanielsky52,mdymick52@vistaprint.com,5Fc1VuaHfQPL
184,pcosti53,ealam53@blogs.com,iIdMa9Co
185,jcardenas54,hleroy54@eepurl.com,XwFqojg53f
186,gdeantoni55,dspinas55@edublogs.org,82xEiP18w
187,amcilveen56,tjarritt56@prweb.com,vmtqyKx3
188,thiers57,gharroway57@naver.com,LRgPEkNXUOEF
189,smasarrat58,pmacdougall58@patch.com,K02BgFTmWc1
190,riddon59,wbeatson59@so-net.ne.jp,mR9fC2xliAF
191,bpiddle5a,ashovelbottom5a@biglobe.ne.jp,6yvr4D2zb
192,mmasterton5b,tshergill5b@rambler.ru,fPpe8qUDCb
193,llacaze5c,pstirley5c@google.co.jp,ZuQYWSY
194,rorrobin5d,dcookley5d@utexas.edu,DqFZbNgEn6
195,mpietruszka5e,sbeville5e@pinterest.com,7ciWgv2
196,kbonifazio5f,crelfe5f@elpais.com,7QTtSj
197,rlegrand5g,lcurman5g@macromedia.com,KaHzV6yO
198,cbarg5h,atredget5h@ameblo.jp,IFOLuoh7hnOt
199,bricht5i,aproughten5i@tamu.edu,YTJv3h2t888
200,mstammler5j,mfaichnie5j@miibeian.gov.cn,xWr0p6Gfh9
201,sespinas5k,btumioto5k@discuz.net,Dy1Dgi1
202,dmccahey5l,wdaine5l@skyrock.com,c1NQ8lq
203,mchiechio5m,psolloway5m@unc.edu,fNxk2GYzX2
204,sesh5n,dwillets5n@jiathis.com,8ebr3oShGT5
205,tmclaggan5o,dewin5o@usatoday.com,Jhi60UL
206,ebooty5p,cpelman5p@google.fr,pVWZXHeFq20
207,aedyson5q,dacory5q@over-blog.com,uGihveu
208,cmctague5r,jgronowe5r@pen.io,YykXlzC3
209,gfinlayson5s,nfildes5s@amazon.de,skgq7oIR5
210,mbendley5t,dizhak5t@dell.com,xl0yYlDA3o6c
211,djanacek5u,pcastelyn5u@is.gd,XYX7K3Hq
212,apoad5v,smacaree5v@typepad.com,ACF8m5w
213,ilyons5w,jlevicount5w@liveinternet.ru,x4CmMJf
214,cbrislawn5x,rhardaway5x@techcrunch.com,drmWs9yeR
215,crunacres5y,mtorrejon5y@symantec.com,CGjScbORVO
216,fmeneux5z,dstode5z@whitehouse.gov,pBracwVhaqs
217,arentelll60,bconneau60@free.fr,iGNdhIF8AqPh
218,jmauro61,bsayce61@irs.gov,lBglw7
219,sflood62,blaying62@theglobeandmail.com,bTK4VPu1B
220,tpalffy63,rdomoni63@bloomberg.com,dm5hzqdub8rU
221,drubinsohn64,wpinnigar64@gizmodo.com,8QaqYuT5SHVd
222,ldonner65,smccullum65@webmd.com,GCy0Wp
223,ksalsbury66,rstraughan66@barnesandnoble.com,QpKhbl1u
224,mdilke67,ahurch67@vistaprint.com,qDDTFmx8
225,hjosefovic68,egrantham68@msn.com,9uoLMvKUdD8
226,kinstone69,fnewcome69@slideshare.net,rMSpVSIJqQHo
227,bravel6a,aarendt6a@who.int,jrjx4Yq4w
228,dodoherty6b,cbrewitt6b@yellowbook.com,19hSxYQfyjb
229,csketh6c,cpatrick6c@adobe.com,YigB3PPMV6JN
230,aberge6d,jyokelman6d@weebly.com,vHYFjL5MirE
231,wfiorentino6e,rladloe6e@cpanel.net,CoxkfUJ
232,fmcmurty6f,eamiss6f@ameblo.jp,BDn7vrfSnl
233,clangelaan6g,gmatteoli6g@yellowbook.com,92XLHYwaN1bU
234,dpossel6h,lverrick6h@studiopress.com,hmIvrTRh
235,tciccotto6i,reverix6i@cornell.edu,JZgbzPUd
236,jduddin6j,jpettengell6j@barnesandnoble.com,QN9iRueq8LVe
237,dchatwin6k,mmacknight6k@multiply.com,YwfKiAmZ82Bo
238,astobie6l,irikel6l@facebook.com,GyKPWj7fi
239,ktorrejon6m,idilloway6m@ask.com,o8VxCnV
240,aclavey6n,mslides6n@slate.com,WkIzqf
241,wfavey6o,fsirrell6o@webnode.com,O5mXIuy9
242,bsibborn6p,ckirke6p@ed.gov,uLom3MAZX3B4
243,pplank6q,arichards6q@gizmodo.com,XwRsRgiQgVrb
244,sbritee6r,dgrinnell6r@si.edu,Z44wPz
245,mpetyanin6s,ebellson6s@mysql.com,YOJZtYQ1PJc
246,tmcilwrick6t,kredmond6t@marketwatch.com,CO7UJi7BOsV
247,vchazier6u,jkimbling6u@theatlantic.com,d6ClcgxlYgk
248,bvinden6v,gjeakins6v@php.net,4n0xqmWX
249,cgirard6w,jeadington6w@soundcloud.com,46RyHH
250,cdomange6x,cmutch6x@liveinternet.ru,R0GJtWQ3F
251,lgomersal6y,bsharpin6y@comsenz.com,n8g8p96D8
252,sparken6z,nbramsom6z@sfgate.com,fLbh9Cz4gZ
253,mjurczik70,aackenson70@dmoz.org,IwnkQrESPp
254,mmansford71,rwollacott71@acquirethisname.com,d5NzSZT
255,sfilgate72,kvedenyapin72@is.gd,qVdZr0Vbd
256,awither73,dhellmore73@google.co.jp,Z6nH944
257,avosper74,xcouch74@4shared.com,ME4ZYvC
258,jbarribal75,sbignell75@rakuten.co.jp,00gitjSDV
259,bmindenhall76,mshewery76@sciencedirect.com,6aZBTiSjlt9V
260,bpauley77,ppenley77@ustream.tv,QFULh6j
261,tcovell78,bpape78@ted.com,fjV62KukbYY
262,mcatteroll79,kgillivrie79@flickr.com,ucFWDvkdU
263,mrenish7a,ggoskar7a@census.gov,SQM2Rof
264,clowerson7b,ecreigan7b@google.it,yna3TD
265,dhuthart7c,mcattermole7c@pbs.org,roJFCOk6
266,tstarsmeare7d,dbernasek7d@howstuffworks.com,Qs6HMA3
267,ndy7e,scouroy7e@wikipedia.org,WSR10lLg
268,asimmans7f,ebresnahan7f@ezinearticles.com,ImtPx6DuVsw
269,gjeanneau7g,iconnett7g@ft.com,sbHjuknSY7YX
270,gmatschoss7h,csineath7h@dyndns.org,oHg7mET0hZ
271,badamiak7i,rphayre7i@patch.com,kMvmY3
272,tjennings7j,smatej7j@techcrunch.com,pECPZO3YD
273,hwitty7k,rmorforth7k@privacy.gov.au,UZOg5f4T4sA
274,abeecker7l,ckarmel7l@google.es,iMSwes
275,cbirkenhead7m,cmcmichael7m@chronoengine.com,xV4FJBJavnI
276,agiovannardi7n,msimcock7n@sfgate.com,50eXVuVO
277,pcorradi7o,cturnbull7o@desdev.cn,Lo7nRv1thI
278,wwenden7p,doxenham7p@discovery.com,WKdSOtVXS
279,mbrandom7q,bmundle7q@smugmug.com,ETBrLWcJY
280,aalsop7r,nmechan7r@berkeley.edu,ezynMqJsPzvx
281,bhorley7s,tgirardot7s@comcast.net,3B6hZF
282,eorder7t,dwhittington7t@diigo.com,94TTf8
283,bwhitsey7u,jblanshard7u@harvard.edu,TmCBEJxGi2E
284,llamonby7v,csalasar7v@aboutads.info,K68qvIx4B
285,rmattheeuw7w,prosenschein7w@ucoz.ru,FoXJcsO
286,rkitman7x,mclapson7x@narod.ru,WWz1iscF
287,shartman7y,acutcliffe7y@tinyurl.com,Cyb4OJVjaxJ
288,tfathers7z,ayellowlee7z@stumbleupon.com,IErdorg
289,ijiruch80,mgadson80@infoseek.co.jp,RaGux1IICRoP
290,jblenkensop81,lstemp81@senate.gov,WqlHXVQDkD
291,pcleare82,cminchella82@who.int,uW9fedEKNIur
292,aspare83,tgaskin83@blinklist.com,MEyk8qM
293,bkairns84,zsamson84@ask.com,CnphMmlmB
294,dkleinhaut85,mstairmand85@fda.gov,o95rc9tDW6yh
295,khembrow86,mlotterington86@redcross.org,xWHSXD5PBkr
296,mredfearn87,uprin87@nba.com,po5iTN66I3bR
297,thaswell88,cgellier88@bluehost.com,44qsiVAJW
298,jdolling89,ypauler89@nytimes.com,27d2KMA
299,jchesnut8a,rkroon8a@deviantart.com,8NMHa82d0WAZ
300,bbewshea8b,rchamberlin8b@huffingtonpost.com,KX6d9ynAEBcX
301,jhawthorn8c,blossman8c@free.fr,HbLRXBoBGTf
302,respinal8d,fbergeau8d@slideshare.net,aVhHLUzZ
303,areach8e,blambdin8e@mapy.cz,a7YaCzg
304,wgreeve8f,dhaxell8f@gov.uk,LYm9kC
305,cstuer8g,cbotley8g@cbc.ca,9TiWoD
306,wfenney8h,mcoalburn8h@goo.ne.jp,Gtmvnx
307,rhorsewood8i,saspinall8i@moonfruit.com,e1reKOqvJpqk
308,sthomazet8j,gbastard8j@vk.com,ReGUw6Rtk7Kv
309,ucastanie8k,stunnock8k@printfriendly.com,tLJIb9jqOwa
310,jbradtke8l,mtrenfield8l@alexa.com,RCTmJIOgkSbC
311,jchotty8m,atroubridge8m@scientificamerican.com,Av9v9P
312,jsheals8n,mhearley8n@google.co.jp,H4hZA3
313,chaith8o,ewomack8o@istockphoto.com,qoKrXB
314,maldin8p,ncrowcombe8p@istockphoto.com,HE5YtGoUB
315,jludman8q,cremirez8q@dell.com,IPph6Jps
316,fgarlette8r,gmackeig8r@constantcontact.com,cucZdq
317,hprocter8s,awitcher8s@hao123.com,hshWfEYZ
318,ysebrens8t,lyearns8t@typepad.com,Jqk53ibVxA
319,mgreally8u,dmorsey8u@nbcnews.com,um2VhbOPnr6E
320,ppirozzi8v,mjeavon8v@yellowpages.com,Q86OFDAB
321,cforber8w,acrichton8w@sciencedaily.com,z3xNYwf8
322,cwyllcocks8x,aaspell8x@pinterest.com,LuZuDTmRli
323,osanchez8y,bblankenship8y@nymag.com,8gQnZERwmI1
324,rsewley8z,proocroft8z@mail.ru,yY1FrWZRxH
325,jsolly90,sjaqueme90@fda.gov,QIC8Vzw9
326,clarkby91,dcaron91@npr.org,3YOFrCt
327,lebanks92,mphipps92@netvibes.com,CjCqvYYB
328,fcrouch93,ddevas93@pen.io,DklDiLbVIxI
329,jsessuns94,afenna94@mashable.com,Xmy6vrETbo
330,dtingey95,rshoobridge95@unicef.org,wtCZB3
331,rbromehed96,ksamwaye96@bbc.co.uk,HnXvnZLLSFAD
332,estaresmeare97,cvaughanhughes97@blinklist.com,lNXxDIAZli
333,cdahlberg98,ceannetta98@bizjournals.com,PZTC58HiH
334,vtoffts99,zmckissack99@multiply.com,kZI2YYxkO
335,jdcosta9a,dfarman9a@ucsd.edu,bGPnsy
336,rgradly9b,swhistance9b@sciencedaily.com,82Pw41lOJ
337,screamer9c,lriches9c@mapquest.com,ygOg75FfCWP
338,abugg9d,dhatch9d@a8.net,dTZrleT
339,ddary9e,nmaylard9e@delicious.com,ue8mTlJ
340,gcaesmans9f,rbogays9f@intel.com,t9nhNdC4a60
341,lfullerlove9g,fcare9g@technorati.com,D4PvyaUfHy
342,dblythin9h,bklimentyonok9h@sbwire.com,dlc9Az
343,lwrenn9i,tlonghorne9i@privacy.gov.au,pnp6VaG
344,aronaghan9j,bfayter9j@wordpress.org,PDvzpgHde
345,vhayward9k,jaxton9k@jimdo.com,Qn2d0JaYK
346,sdavenall9l,ldibartolommeo9l@gravatar.com,csfRo5spJ
347,hhandling9m,eprati9m@bravesites.com,Ag0IQp
348,cbecom9n,amccaskill9n@sbwire.com,yOPxpR5n
349,bvasyukhnov9o,okubicek9o@hud.gov,Q1hIvqSwd41
350,kmiddleditch9p,dudell9p@wufoo.com,v25cArql
351,emilne9q,rsnookes9q@dropbox.com,ssMpix
352,ebrammer9r,rseeler9r@loc.gov,sIjXoJwR
353,hrosenfelder9s,alinfitt9s@yellowbook.com,E5mTpqLu
354,gsirr9t,wbigham9t@nbcnews.com,Vw0wdvGGVp
355,leldridge9u,hmcart9u@ft.com,RFDun0
356,ztollet9v,dmathe9v@pbs.org,HJYqv2RZh7
357,nbracci9w,alegood9w@360.cn,CEfC1I2srRT
358,hlammiman9x,pdear9x@fema.gov,eT8uW3dyo
359,lkeedy9y,ddimbylow9y@networksolutions.com,XgcBli
360,schessel9z,epuleston9z@dell.com,64j9t80HFZxD
361,mfallisa0,iorablea0@shinystat.com,itptDLht
362,bbushbya1,meglina1@soundcloud.com,qhTOZ1gAU
363,lgrenvillea2,blindbergha2@godaddy.com,lc59pd4lO
364,estitta3,atoopa3@comsenz.com,VKtG01UrQ3
365,pdivinya4,grogeona4@vkontakte.ru,3M1UNC
366,fmaslena5,gwegnera5@un.org,2OpJ0oPKC
367,ktoyera6,jswinnertona6@qq.com,kdjQuIUzBNn
368,fbrimsa7,emoormana7@quantcast.com,ESsCLnjMVKdO
369,msancheza8,ggarna8@squidoo.com,xbpfTJfSz
370,gsaddingtona9,ebourtoumieuxa9@accuweather.com,xudULzW
371,bedworthieaa,dstallwoodaa@ibm.com,ei4afbKD
372,wmattersonab,gsimmoniteab@hugedomains.com,JJZygfgXPWqh
373,bmuccinoac,rtippettsac@shutterfly.com,MypHxcAjqc
374,rheaneyad,csummerhayesad@cocolog-nifty.com,U3O4dMNKH
375,rmarkovichae,fbastockae@yahoo.com,EJw2ppUBs
376,lbrothertonaf,cbarthramaf@over-blog.com,AECGCP1H3Za
377,pmulhillag,phawlerag@scribd.com,mOQIfTcnsb
378,rroddyah,sambrosoliah@freewebs.com,qG3IAPTerFk
379,rmcreidyai,gkingsmillai@bing.com,oxqB4bJBtZ7e
380,jjaffreyaj,jjagelsaj@salon.com,Y3SRfD1pr5
381,pcockerellak,vsummergillak@hexun.com,QyiDCmED
382,wortoal,bocahillal@51.la,Pw5ABQhM
383,aousbyam,gdrakesam@desdev.cn,1HQBPFg
384,rsallyan,mreadan@tumblr.com,qvYeBzynR
385,dbyssheao,jhambatchao@ft.com,xhVD6QuiyG
386,gkrugap,twiggintonap@gizmodo.com,MydZ4Q
387,rbrisbaneaq,jmaysoraq@scribd.com,r9p5Nrb
388,ikinradear,apeekar@unblog.fr,rPIz72zISOF
389,emytonas,jateridgeas@nyu.edu,36MlwVlhI
390,cwincomat,kherculesat@wordpress.org,LIdofx6cp8
391,gdanilovichau,wdeehanau@latimes.com,ORxaSL7bHx
392,gbuxyav,abimroseav@narod.ru,ptYGOdKC
393,tbradfordaw,bpoulettaw@photobucket.com,1Q0KhQ
394,pgranvilleax,cswatheridgeax@51.la,YIHdKuEe
395,gvasyukhinay,bleveray@ask.com,6GbLEGS9
396,spaolazziaz,agauleaz@disqus.com,1VOk602e
397,rdarlassonb0,cmeob0@eepurl.com,FSPLSLXgtp
398,kbrewersb1,qgatherb1@rediff.com,me7yYrv
399,klideardb2,aelfleetb2@timesonline.co.uk,QwE9h7Ody
400,mbaldryb3,bchasterb3@photobucket.com,tsdwk7H3
401,ogomersallb4,blionelb4@cafepress.com,SwZgXX6B
402,aseinb5,cgilfillanb5@bloomberg.com,sTODY9DS
403,nadenetb6,smillmoreb6@vk.com,1zImB19b8
404,vbastockb7,kflyeb7@marketwatch.com,ngscx3rxe
405,zlaisterb8,sriolfib8@addtoany.com,bgxUtTnJRd
406,cgainsburyb9,aboatswainb9@about.me,1cWbACNvDIr
407,dkearyba,nbroodesba@twitpic.com,8ih013K0HKS
408,mnultybb,ryushachkovbb@github.com,dKuRZnytKpe4
409,nkemmeybc,gabsolonbc@blog.com,bNr0TugA6Mp8
410,dtipladybd,rperrenbd@wikimedia.org,bVbQU5gqcQSQ
411,fbellerbybe,givshinbe@theguardian.com,XywG9BBkW
412,rtinstonbf,ashillingtonbf@cafepress.com,rkdILks
413,mfillsbg,cbisphambg@angelfire.com,DOwb2W4
414,lshaperabh,ksilsonbh@un.org,Q0tqStnh0U4
415,dstichallbi,rhenderbi@boston.com,1Ovqxkz7
416,gculpbj,baujouanetbj@google.co.uk,rBSG3Qv2rRT
417,fconsterdinebk,anicebk@washingtonpost.com,1ed4V52
418,thopewellbl,ebartolicbl@geocities.jp,1k8Iv0
419,dmacklambm,glindroosbm@plala.or.jp,jI2QA8FP0ED
420,atumayanbn,bdorianbn@wp.com,N1XeGk
421,jclaessensbo,pgarnbo@chicagotribune.com,fRjwVwN
422,mmiccobp,jbrentbp@squidoo.com,UlsVYA3vQor
423,hwiggingtonbq,wmaccaffertybq@linkedin.com,cQc5m0C
424,lbarbiebr,cvocebr@ezinearticles.com,wAjRGO3J
425,ndolebs,lwateridgebs@imageshack.us,Be3fiaPd
426,kkrysztowczykbt,redmondsonbt@uol.com.br,Fz31AGuh2Al
427,nastellbu,pelvenbu@geocities.jp,tSe96nAm
428,pkenwoodbv,fwhittockbv@epa.gov,Ly3wbk
429,ashrimptonebw,avandersonbw@dailymotion.com,iRFpxK6vbuU
430,mplaschkebx,lattwoodbx@apache.org,UCcUXi39Xpgg
431,bleganby,nlantiffeby@hibu.com,dlKzpSr
432,aspurbz,kdeboldbz@sina.com.cn,lwwfe0HIN
433,gprobertc0,balloisic0@github.io,rgID7oE8
434,gvegasc1,lgaskoinc1@cnet.com,0CRqyhOwKvhG
435,rmactrustramc2,bbastistinic2@businesswire.com,sIm8ezUcO
436,adurnianc3,proddac3@nationalgeographic.com,rjbBErDcKL
437,pglavinc4,jzanicchic4@sfgate.com,uBsQKcRZGVh
438,iketteridgec5,ddavydkovc5@ft.com,GhQeTxKI72
439,cgavaranc6,psneesbyc6@typepad.com,KwHYtAF8E
440,cgoodbarrc7,cnationc7@dailymail.co.uk,wF0CZPCpwn0B
441,tbrackstonec8,dzmitrichenkoc8@vk.com,E6vj0ClcdUI
442,ysvanettic9,cmccathayc9@rakuten.co.jp,N4tHlrN
443,rlintallca,iquilliamca@php.net,TPHnMpm0
444,lwaldrencb,aodalycb@icio.us,F6EwQd
445,mpimbleycc,jbrabbinscc@mit.edu,k26lmhGJYs
446,xwinsiowieckicd,mbrosnancd@adobe.com,OD19AsMv9oly
447,sbartosiakce,wbookerce@php.net,tfoxaqp1R
448,jmagrannellcf,vwandreycf@newyorker.com,PWbUypT
449,okneeshawcg,lgoulbournecg@goodreads.com,euldRkjq
450,cnaughtonch,aveschambrech@thetimes.co.uk,S0c2ROfan
451,cshemeltci,rparadyceci@drupal.org,nsu4k7n4Ohz
452,slhommeaucj,lspraggcj@booking.com,pBSmaxZho
453,aweberck,eroseburghck@wikispaces.com,Q3iNVBqBKwX
454,nbogacecl,dmateoscl@delicious.com,ZV188AyNU
455,plangloiscm,tcuseickcm@wp.com,m49CMjxDb
456,cminerocn,cshinglescn@jiathis.com,2cGWPI
457,rsunterco,dhaccletonco@xrea.com,CimMAD
458,nloudercp,jambrogiolicp@marriott.com,j6kbu0
459,mdelahuntycq,jtiemancq@sohu.com,tSZGbfQw
460,ehobellcr,gcoyecr@storify.com,21LWDec2CEM
461,hoxbecs,bhelstripcs@ocn.ne.jp,AiH5xA
462,dsumshonct,ssavoryct@dropbox.com,9CvjHU3
463,cmyallcu,jingerithcu@ucoz.ru,UAZd4vekuT
464,lruberticv,hderobertiscv@usda.gov,uyLdMqBiz2jV
465,sohrtmanncw,mcolletcw@va.gov,4f5HZy34j0
466,udugoodcx,lantoniakcx@parallels.com,9gJCT1VtD
467,hgutteridgecy,jfusedalecy@wikispaces.com,IGLSNqbO7ud
468,isahnowcz,mfidalcz@hc360.com,mVBENkVXburx
469,lbillitterid0,kzohrerd0@globo.com,a3NSAj9AbSEC
470,cwildbloodd1,mfranscionid1@jigsy.com,F1ZvYCTBPVzx
471,cdorseyd2,jcoonihand2@infoseek.co.jp,gkgyR3W
472,atrittamd3,mpaffordd3@ycombinator.com,cH5PInC1Wc
473,cpankethd4,wdinsaled4@bbb.org,DE7tjjQbx
474,rgaskd5,aalecockd5@aboutads.info,XW8pqsH
475,tmcimmied6,mmcmasterd6@biglobe.ne.jp,ZXXToCr
476,sgrovierd7,mpickthorned7@scribd.com,lVYmnJEohHhh
477,mmcevond8,ocostalld8@quantcast.com,O00NAk2zQoWa
478,awelsbyd9,bgerredd9@scribd.com,8rOXicySB
479,nfieldenda,sknightonda@shop-pro.jp,X6yb7N99gto
480,cbartlomieczakdb,tbeechcraftdb@sfgate.com,x3aUBnPq
481,dshevlanedc,djennrichdc@pen.io,k7sy4DChJ
482,ddescroixdd,mcottiedd@istockphoto.com,GIN3bHU
483,geskriggede,glaughlinde@taobao.com,FihLD1mH
484,drydearddf,gstertdf@nbcnews.com,aHiNHZd0B
485,orandalstondg,mduffandg@state.tx.us,FOfZo42
486,mfuncheondh,ejenouredh@usnews.com,6J1WWm0L
487,blarmettdi,hsandisondi@businessweek.com,Chs4xmT
488,gklimtdj,ohuscroftdj@senate.gov,PHvQWYHt
489,gblasgendk,mbarteletdk@wordpress.com,bpE744q
490,ospurrittdl,dcoaldl@miitbeian.gov.cn,c2RaKJC1H4L
491,naumerledm,kbassodm@1und1.de,kgVOPoMuC3FS
492,ehatcherdn,stomichdn@google.es,yPdcxZE
493,mollanderdo,jhurlindo@themeforest.net,WrjOtmPI
494,dravenscrofttdp,eweatherhilldp@mozilla.com,dWsUkrpyzO
495,jbalcombedq,lbullickdq@hao123.com,RBWK5nxRAh
496,bstopforthdr,hbraidleydr@fda.gov,T0egH7gjW
497,pwixeyds,ghyettds@cisco.com,FQUaB8
498,mkorpolakdt,gjosiahdt@github.io,g7zq3iaDQgN
499,fkingtondu,vbentondu@cnet.com,ByC9Ry8QK
500,adominydv,vaucoatedv@delicious.com,4izUsfE
501,kbridedw,fsharperdw@ihg.com,PF6j7fX
502,ccamachodx,otompiondx@ezinearticles.com,7GxbrC0XlYD
503,jbreachedy,mgollindy@howstuffworks.com,qA8x1gqxGF
504,eprofitdz,mstonnelldz@sourceforge.net,bScYI1H78
505,bhassere0,lwhalee0@skype.com,6AcqdLFOXRkR
506,kmoncke1,smcmullene1@devhub.com,Xs0s9p3
507,nyendlee2,gcutbirthe2@friendfeed.com,m7qcEJPww
508,rbirtchnelle3,dboykette3@mayoclinic.com,IsqJNAwy9
509,sromanine4,eadelmane4@zimbio.com,bmKfHDE2w7d
510,msweetenhame5,drubinowitsche5@seesaa.net,UABzJ3oH
511,csansome6,ngopsalle6@reference.com,LVL6ul
512,ihewsone7,cdystere7@pagesperso-orange.fr,B4FPQxbJ7sRi
513,rbirneye8,jmartinovice8@topsy.com,uXqTPn
514,eeastmane9,marnaldoe9@gnu.org,mrEvDF8
515,goakenfallea,aacresea@yale.edu,YmBGVd
516,fedwinsoneb,ehaywardeb@yahoo.co.jp,mmsTDoGrsS
517,vayshec,mdackec@hexun.com,aiaCyfrD
518,kgraylanded,qcossemed@jigsy.com,Vp423zEB
519,eyeuletee,mfinnisee@privacy.gov.au,8Tcg6zZsJhM
520,qdeaguirreef,nbeasantef@tmall.com,5UGXAzt
521,jmadgeeg,myaneleeg@hibu.com,itaLaRl
522,mjollandeh,kfeckeyeh@state.tx.us,DdVMxu7
523,jtuftei,bbielfeldei@theatlantic.com,lwZZ79kUwoS
524,ipudeej,cpynnej@facebook.com,K28BNuKw
525,gdmisekek,edudnyek@tuttocitta.it,gEpeSk2
526,bjohanchonel,myanceyel@wired.com,uPBT7ozqRF
527,mgraysonem,cberryclothem@cafepress.com,f9DixNTcAhPL
528,cclowneyen,lgonnelen@1688.com,Y1I4BD
529,lvasileeo,sislipeo@about.me,n7MtUkouOz
530,ralishonerep,ehawkyensep@cbslocal.com,EnGZ0hoIb88D
531,vhickseq,shoodlasseq@themeforest.net,FczmxWmXlf
532,dbaptister,cclayfielder@canalblog.com,jX3jvFB
533,cstandalles,upassbyes@bloglovin.com,spvVSji
534,dmephanet,kdeandisieet@washington.edu,MYY1nLRro
535,pmcveagheu,opoyleeu@liveinternet.ru,Jios1OvPecGe
536,bcauserev,emaindsev@eepurl.com,fsgG2W
537,mbaggsew,ekikkeew@statcounter.com,Y3Wtg2mlw
538,vgannex,abirchex@delicious.com,cgzhYFgu9ogm
539,cportressey,coldaleey@i2i.jp,7fWFnLDXtnoF
540,lhurlinez,davramovicez@unicef.org,QRWMmq51UqQ
541,cstrangef0,efahrenbachf0@4shared.com,xrZjGPjZz
542,challettf1,llaffinf1@nbcnews.com,m0DM7M1a
543,wbeeckerf2,fszymanzykf2@economist.com,TU1YVdmBz
544,zcummungsf3,feleyf3@godaddy.com,W3nX5feOpyFP
545,bmclachlanf4,rcootesf4@surveymonkey.com,1oxlZrC
546,mcroisierf5,kmeffanf5@nationalgeographic.com,F5cTdO3i9Oo
547,bboltwoodf6,hwaringf6@homestead.com,YWNreZpc4E
548,browterf7,dbensleyf7@oaic.gov.au,XoKajABIQUp
549,pleschellef8,bbartozzif8@taobao.com,gVoix9
550,vhusbandsf9,sjiranf9@go.com,KeXbdNUfe0
551,apitcaithleyfa,mblackallerfa@tamu.edu,5BYHS1KaoR
552,sbourtoumieuxfb,cmacranaldfb@businessweek.com,kNb4KbA
553,hdarkottfc,lnutonfc@state.tx.us,Dgop2N
554,jjustefd,mdobbsfd@wisc.edu,ycQzAqDA
555,wlangshawfe,fformillife@ucla.edu,8Nb3HW
556,tmcfarlandff,gchampleyff@time.com,r7WEhXi2humm
557,hcourtmanfg,shartzogsfg@stanford.edu,2JTLFes
558,phalliganfh,dmaitlandfh@homestead.com,9rBfxpKrfG
559,lbewlayfi,tlindenfeldfi@mlb.com,U2OMtFp0Oco7
560,akobeltfj,dciottifj@freewebs.com,ChdnixJ24H3
561,gdefewfk,owestropefk@loc.gov,iCtAlcnseKKp
562,tsivilfl,ebaudichonfl@blinklist.com,IZKuZF
563,rlantifffm,hclemofm@hc360.com,vXuGAxp
564,obealingfn,mtompkinsfn@behance.net,4qMaZ7XY
565,pgwyerfo,adinsefo@about.me,Ym0IkHo6C3r
566,rsweetfp,rspatafp@shutterfly.com,tgNhJPbbH
567,atearneyfq,cdunnettfq@cafepress.com,yC7b4RCujL
568,cskermanfr,fhilleyfr@t.co,xb6wlgDcS
569,qjaksicfs,mbowlesfs@blogs.com,ZzuEOx
570,clearmonthft,tarcherft@dagondesign.com,tmBfiPWdIvG
571,ggettensfu,hduffanfu@4shared.com,iaeq1Z
572,rspinellofv,mstillmannfv@istockphoto.com,fDbZwO
573,sheimsfw,amilleafw@theguardian.com,A06Y085EdR
574,htollettfx,mguittetfx@globo.com,bBN4tIO2
575,dpirouetfy,mbahlmannfy@mashable.com,rzgSva
576,cdidomenicofz,zpoadfz@sakura.ne.jp,i9tpm6p89u
577,adeddumg0,bsimesg0@tmall.com,OoM4FpDih
578,docorhaneg1,krasping1@tamu.edu,5uMuQgRD3W3
579,kkemptong2,clinnockg2@businessinsider.com,su1CLEaB8ywX
580,ggiacovettig3,ccockleg3@simplemachines.org,a9NDGk3
581,etriplettg4,edumigang4@about.com,t0Ga1X
582,cfilippig5,kbigling5@amazon.com,vobOmPEieb
583,jfrapwellg6,dscaddingg6@mediafire.com,GhBFaA5FQBdb
584,pneathg7,chugog7@disqus.com,zWjc5L6
585,aarletg8,mannetsg8@google.nl,vHUR6wp
586,ebamburyg9,rjermang9@mapquest.com,WRBEv4
587,cleilga,cgrealeyga@google.com,lYLI0A
588,odibartolommeogb,mvanichevgb@japanpost.jp,LVBMUNra9
589,alaughreygc,araikergc@latimes.com,MTAW89X
590,slatliffgd,scameranagd@accuweather.com,BpBJMJRkcr
591,vfarnhillge,sprozilloge@com.com,xuj5Ua2GR
592,oberthotgf,jcastletongf@creativecommons.org,wuwKbI
593,mhoofegg,tlyongg@liveinternet.ru,gWekMFABbh
594,asmythgh,etenniswoodgh@timesonline.co.uk,7ifQyaU3
595,hblacketgi,gburdettgi@tuttocitta.it,rBjFpuhO
596,csimmsgj,tbarreaugj@wufoo.com,Qmq9MFirIib3
597,wtrudgiongk,cshildrickgk@pagesperso-orange.fr,Ofsz2qwUnM
598,skupkegl,smulveygl@dell.com,iiQbamHR0
599,lhaughiangm,dseyersgm@behance.net,bmCGJthgK
600,omaguiregn,adezamoragn@telegraph.co.uk,AelhIyIQ
601,mcreigango,tbridgergo@icq.com,WIzG26MUszw
602,aubsdallgp,trushworthgp@godaddy.com,cJ1PJUr3Y
603,mpriddygq,jguildgq@toplist.cz,YDrl98vDh
604,dextilgr,lhumegr@seesaa.net,ff5Y2Q
605,hhowisongs,radacotgs@msn.com,gDM14PVq
606,bramagt,moheaneygt@jugem.jp,EqTs40qAS9N
607,gspurniergu,belgygu@yellowbook.com,wV8rxfmkl
608,equaregv,bbentegv@theguardian.com,5P2tMG
609,rgummegw,ddifriscogw@skype.com,SMnKWsxt
610,pandraultgx,emenilovegx@timesonline.co.uk,Uor0v6Ycdv
611,ebointongy,klichfieldgy@shareasale.com,JtLy6fjk8bo4
612,nvolettegz,dbakstergz@hibu.com,iOaOjSZP7
613,cscintsburyh0,cconsadineh0@newyorker.com,afy93qkggfa
614,bfillonh1,esakerh1@shop-pro.jp,PTlhon
615,zburdfieldh2,eglazierh2@gnu.org,S2YfroBT
616,imilroyh3,cogormallyh3@homestead.com,ksMKnAo
617,ttaillardh4,dsummerladh4@google.ca,sXkjkqzCUOg
618,agorglh5,rshreveh5@house.gov,tolDELU7
619,cortigah6,acolganh6@slate.com,84mViI
620,lpesketth7,gchittendenh7@rakuten.co.jp,7bymEeQfFTT
621,ddanielouh8,ngrainh8@fastcompany.com,uELbhaVGGB
622,wlabromh9,ldaylyh9@un.org,gzI791
623,tmerittha,vsimoneschiha@bloglines.com,rQAfryXwtYmn
624,tkorneichukhb,lsteerehb@mayoclinic.com,nIDsAc
625,gbrandthc,bhargreaveshc@ow.ly,eeHZC72xVqby
626,tluipoldhd,atoffanellihd@yolasite.com,yijBdOqQqy8a
627,vpeerthe,kgronowehe@marriott.com,x8aHfg6e
628,cdeyehf,bbandhf@indiatimes.com,d1Jmme7Q
629,spontinhg,ctraicehg@accuweather.com,ZKTwgEpIPvW
630,jtarbardhh,mwillardhh@amazon.de,fgjEMFd
631,gmockerhi,ghartlehi@google.cn,ID6PZI8ejTZ
632,kjessenhj,bhatzhj@123-reg.co.uk,mDdsMe
633,ahenriqueshk,gjenkshk@lycos.com,xO6UFCiVG
634,rsachnohl,anorthleighhl@hexun.com,ujnrN01
635,chemblinghm,wvlahoshm@gizmodo.com,T7g2SSV
636,amussonhn,rtodarihn@icio.us,YqTIvlF
637,ogertzho,pbohlmannho@merriam-webster.com,KzUbE4EWzP
638,fdrenghp,wdredgehp@aboutads.info,g2cgxgFbDtt
639,cspurmanhq,zferrarohq@unblog.fr,1yiRN2
640,ycantohr,ddengelhr@auda.org.au,YBWT8mx
641,lquartlyhs,bsawershs@mysql.com,JA9t6b4
642,kdewinght,fbathoweht@google.co.uk,Rb0jl3sDzYb
643,ybewickehu,jfancotthu@infoseek.co.jp,Wdix07oNGA
644,uhaylehv,uroothv@github.io,pQR5A3yEp97v
645,tkorthw,ndruetthw@discovery.com,E3nkCX44jSYp
646,dangierhx,alarvinhx@hugedomains.com,D3Uk51
647,cwieprechthy,htollidayhy@accuweather.com,iJkgMYCeqZEI
648,nswainshz,eaffleckhz@amazon.co.uk,AIQ0iQ
649,sspellari0,sreaveyi0@abc.net.au,GBNSPlKF0U4
650,pproctori1,ssaleryi1@cbsnews.com,ATGioan9vWu
651,modoughertyi2,llawlyi2@wikimedia.org,hy2Q8xmL
652,lmcgralei3,cendecotti3@abc.net.au,itzJ0BhutPJ
653,vbakeupi4,fcanbyi4@opensource.org,yiJkTRwmyF
654,mheatleyi5,sdeavillei5@ehow.com,RBtWOalBCOeI
655,sshufflebothami6,bamorii6@godaddy.com,Utn7lQDo
656,cgablei7,bdjorevici7@squarespace.com,Zmpqr4GeKC
657,rvanyashkini8,kfearfulli8@earthlink.net,UwTnYFqfa8Lm
658,abulliventi9,dlowthorpei9@yellowbook.com,FYAQI1LkQHR
659,dcinelliia,pbailieia@theatlantic.com,XfX0dMRVk2th
660,cgiamelliib,hknowlingib@nps.gov,0DjUbf
661,bmccartic,ssemirasic@skyrock.com,do95TN
662,mbridgelandid,aaizicid@ebay.com,p0XX9kX0GR
663,bwysomeie,kstqueninie@accuweather.com,K6WZ8xU0An1l
664,amatveichevif,anickersonif@desdev.cn,n7lmyxq
665,emceloryig,jsanctoig@china.com.cn,zRSzrFeT3d2u
666,kdoleih,umaciaszekih@comsenz.com,QQsQeVoFNPx
667,gankerii,gsissonsii@free.fr,i8x6GT
668,hhorleyij,lconlaundij@latimes.com,6qxCBKIltS
669,bbabarik,cwindybankik@cnet.com,Z1YruVW29VJ4
670,mrichesil,tpochinil@ucoz.com,QZeqLb
671,mslewcockim,ktinklinim@nsw.gov.au,u10GYsan
672,abiaggettiin,blamkein@nature.com,gxilVwCdOh
673,dcoatesio,yarndtsenio@macromedia.com,raEUxdJgYuc
674,ppauliip,hhennigerip@epa.gov,iiNPnWXghNP
675,spauriq,dalbertiiq@sbwire.com,yjMvO1L74
676,jgrigorushkinir,modgersir@cmu.edu,lHPThr
677,atomasicchiois,bharkessis@techcrunch.com,QENbBt8r
678,pfarmanit,mpetzoltit@newsvine.com,WSfjHvu
679,mcunioiu,dfeckeyiu@fema.gov,JcfCG4
680,lwitheringtoniv,mjerischiv@jalbum.net,OUnYZuQA
681,kcrannachiw,wleediw@ox.ac.uk,GD71eiYh4RWb
682,ojearyix,mtudgeix@vk.com,WIEntxFv
683,ccostleyiy,ulaurentinoiy@ucoz.com,4CQ9nTPU
684,amoritiz,zmuntoniz@webeden.co.uk,Dk2OHjfU4a
685,roxenburyj0,phumpagej0@netscape.com,orLoNff5Y
686,lcanej1,ahundalj1@rediff.com,hKUSiarqeFkG
687,bmcelweej2,bdominicij2@arstechnica.com,QHy2ZEACga
688,rbrewittj3,lgianottij3@ucoz.com,NxlQXqR
689,bhubbackj4,snittij4@icq.com,rnfQapm0LMYA
690,redrichj5,nmacilriachj5@dot.gov,MM5n0cwpJyyL
691,lpolinj6,mmussallij6@topsy.com,smHfCUnLj
692,rfilipj7,twindsorj7@thetimes.co.uk,0pRQ0pzWkY2
693,bcostockj8,pohanniganj8@java.com,scnXmceEAfc
694,ngregsonj9,vmessinghamj9@huffingtonpost.com,JnHLh2d
695,bjudenja,jbehnja@omniture.com,ExZt4hN6vKU
696,abrachjb,bfurberjb@wufoo.com,NJn1JBOWmJe
697,dprickettjc,nceelyjc@dyndns.org,71itXBwbN
698,tfearnsidejd,ggeelyjd@earthlink.net,dnk3TPwBI39E
699,spaulettoje,cgoringje@omniture.com,zppxWV
700,bjerzykiewiczjf,shissettjf@ameblo.jp,2SudkCPY6HlB
701,omalamorejg,fhoulworthjg@blog.com,FxFPqCBhqIMo
702,jvivyanjh,rcrierjh@mozilla.com,xkDtNVs
703,gfilippovji,rvalleryji@dagondesign.com,A12VnFTD9w
704,bwhittonjj,cberingerjj@irs.gov,5Eeu39pWzOsO
705,knyssensjk,jredselljk@hao123.com,gbPOvZTFp
706,kklimontovichjl,htigwelljl@zdnet.com,7uS6OfW9
707,rlottringtonjm,fprisleyjm@china.com.cn,PjurKf
708,cblaguejn,byannjn@rakuten.co.jp,yqQJ9UjW
709,fmcsorleyjo,mtenchjo@nbcnews.com,TfSL4zmw2Gi
710,chornigjp,hgroombridgejp@archive.org,Ot84TajMwqJ
711,dlambswoodjq,rgumbleyjq@addthis.com,IYnBde5uB
712,mtrematickjr,nscammelljr@mysql.com,UmET1O
713,sjenkinsjs,lbarnettjs@jimdo.com,BGZmJ4Ctsbs
714,jbridejt,tpordaljt@pbs.org,K06ebdqLV1
715,swiggallju,bbavisterju@chronoengine.com,uIkk27FdNJ
716,kiacovinojv,afennellyjv@ted.com,4BzpMWVet
717,isalzburgjw,cvondrakjw@opera.com,b8QUa8
718,kgannyjx,lhutablejx@icq.com,Afabid
719,rriccardinijy,eschefflerjy@gnu.org,2GZ2rvtQrBQ
720,jdonaghyjz,cgallagherjz@weebly.com,O4l14WR8PAsm
721,dfillaryk0,ohalsonk0@wired.com,4ltpyFkKO
722,dtempestk1,mhawkyensk1@washington.edu,0ZL99hmOB
723,speidrok2,aansteadk2@netvibes.com,VOQjX4Bn
724,gcaressk3,sdeblek3@a8.net,EIjF51R4gDdV
725,shenriquetk4,astillyk4@ycombinator.com,iGk8xY
726,hdwirek5,amccuishk5@nyu.edu,xsjK3NroVt
727,ljansemak6,gwakeleyk6@4shared.com,1utD6tE3q
728,atodarellok7,zstentonk7@nydailynews.com,WWPg20i1r
729,lhendink8,tharbisonk8@ted.com,3OS6qyJ2Va
730,jmadenk9,hlieberk9@ezinearticles.com,OSsfOFr1aX
731,agaudinka,jbunstoneka@list-manage.com,m7XQ3b
732,elaurandkb,sstanneringkb@domainmarket.com,2EppYY
733,ggwynethkc,enaishkc@fastcompany.com,sJ3jrRN
734,lruddockkd,arowlandskd@pinterest.com,DyR493adjfgI
735,anibloke,vheweske@yale.edu,jwfiRy9ejT
736,gratekf,mmacdonellkf@blogspot.com,OvNM74TI2va
737,icappskg,emcgeekg@wordpress.org,4FzKsOaVKd3
738,ckillnerkh,pscotsonkh@ifeng.com,aTuxApSpftH
739,bcuerdallki,lreignardki@nydailynews.com,PIgF0rYBm
740,jpetraschkj,ncubbinikj@bloomberg.com,drKUEFhuN
741,ydellatorrekk,hbriancekk@fotki.com,QuSV0z
742,qflintuffkl,iironsidekl@bloomberg.com,h6Y49X3
743,nlghankm,tillsleykm@imageshack.us,is4GMjvrI
744,bposnettekn,hanscombekn@dmoz.org,v6OeGJ4rzC46
745,aducarneko,nshorieko@domainmarket.com,QTmspa41lPPD
746,ztefftkp,mbriancekp@yellowpages.com,LlEWAcZhf
747,pdupreykq,tsigginskq@pcworld.com,iEHjN5fzZ
748,jbodykr,bokerinkr@prlog.org,EfGO4Azl
749,bbrosiks,mlorenzks@sourceforge.net,50epM3TSwbh
750,bmacgeaneykt,dhandeskt@ovh.net,IpoVNOpdlR2
751,fwoltonku,ndunabieku@clickbank.net,iJc30Hl0Mh
752,hjennemannkv,ipainkv@ameblo.jp,BdQ2HImoiH
753,abacupkw,jhillskw@edublogs.org,oCGXSOFF9VDh
754,zflecknellkx,ncomolettikx@theatlantic.com,xAc7MzsKQTU
755,cmandreyky,uspadaroky@cam.ac.uk,zOqh3tBo
756,qstollsteinerkz,nporchkz@cdbaby.com,csp4FP3t
757,nhurll0,wquartermainl0@columbia.edu,Or0kitIXC
758,jcaesmansl1,ycolvillel1@oaic.gov.au,Q3EXIGmXgY
759,adiprosel2,ysuddockl2@netlog.com,Pk14hS8
760,mvanbrugl3,dabraminol3@huffingtonpost.com,tbhOZj2gqpQE
761,ejennickl4,sdillintonel4@nydailynews.com,UYcjyqG5o7
762,tboarleysonl5,kwhykel5@skyrock.com,ODpV7PuWuB4n
763,cgethynl6,himpettl6@discovery.com,WuyEHCtvef3
764,kmccahilll7,cordl7@woothemes.com,AGq4HYPRG5Xe
765,lpigginl8,sgorsel8@diigo.com,fRG88X2
766,sharmstonl9,cnorquoyl9@rediff.com,XzHWKi
767,djirusekla,ivignauxla@typepad.com,UWDXUD
768,lpargiterlb,fjewisslb@smugmug.com,LTQFhiVGECVn
769,snormanvillelc,gschustllc@usatoday.com,7PzOqQGi
770,ljuraszld,bgainesld@marriott.com,M4qNqxid7S
771,jmourgele,dfernle@utexas.edu,RZ4mIj2Nbt
772,rpetriellolf,dopenshawlf@surveymonkey.com,xCn3WyxxXKCC
773,scromacklg,rleninlg@cdc.gov,7sb02O
774,babbslh,emulrenanlh@noaa.gov,YNCfIHe74Na
775,lbennyli,cpettyli@weebly.com,mGOQi3pSlFsY
776,lrameletlj,sransonlj@diigo.com,LX42TXSOn6o
777,vkezarlk,csillelk@goo.gl,ycc0RXC
778,bgallonll,barlidgell@ucoz.com,Up8eS3
779,gmalleylm,jziehmlm@newyorker.com,LUktUn
780,emazonowiczln,bplesterln@army.mil,dlRrXoufFE
781,bshuxsmithlo,eandreelo@pen.io,hYHnAPAYf
782,vmagennylp,bmcgunleylp@1688.com,Rh7mgA
783,edanceylq,earkinlq@oakley.com,Bz6u8auXi3
784,ckorneevlr,rfollettlr@webs.com,3H1kwuh1IHD
785,omamwellls,scanerols@latimes.com,o16PMw1t
786,asallierlt,kfarfalameevlt@google.com,UayH6cW2R
787,lhinerlu,rreichertlu@fastcompany.com,y3i0KJ2A
788,ccawsbylv,wohmlv@wisc.edu,xNqBgYEduvX
789,msiddonslw,prohfsenlw@xrea.com,Onod7g3QA
790,zgullifantlx,fhowsanlx@answers.com,oUMGHaXT
791,hstaceyly,cdavidwitzly@forbes.com,mwyp3PkImGpy
792,abadricklz,cprisklz@networksolutions.com,rPHP4Ipy
793,rbirchallm0,sebertzm0@etsy.com,rcSH2T
794,kganleym1,cjozsikam1@oakley.com,sFE4vJX
795,ogemeaum2,vhugom2@paypal.com,GtyUU15IaN
796,acanadam3,tmelhuishm3@blinklist.com,URmtfDi3XTd
797,nbrandonim4,eluckesm4@mac.com,HJobD0o8
798,egrishukovm5,rheartym5@technorati.com,955B0VFN32c
799,ptrewmanm6,rphippardm6@studiopress.com,xvguxqDs8
800,aleflemingm7,cmulliganm7@nydailynews.com,vCt0wfyBz
801,kpatisem8,ocordingleym8@uiuc.edu,NcOIqZUXD
802,pperrynm9,rcollacombem9@reverbnation.com,glfeCx6b
803,efauschma,tprahmma@miitbeian.gov.cn,nmRE6mK
804,apershousemb,owinksmb@moonfruit.com,V9wHCArixQoh
805,sbevesmc,rmallatrattmc@homestead.com,1OqqYXW5cSq
806,boheaneymd,vmosesmd@flavors.me,qj7QUvCg
807,glovelme,sghironme@wix.com,ac3ugWHalH
808,celvidgemf,aandreassenmf@imdb.com,FkGRg6e02WGl
809,dnardrupmg,ndamatomg@oracle.com,99gkq6EEcnR
810,tchoakmh,mkettelmh@lycos.com,9GQG7eUXrF9b
811,lhamlinmi,rparadycemi@sfgate.com,vlsIkYu
812,rfreeburnmj,amollattmj@amazon.co.uk,VyCFo1W0UpvE
813,vbengemk,ggallardmk@example.com,iI47PDC1lg
814,esmalcombeml,qbrissonml@soup.io,ASnKr2oH76
815,mvardonmm,hvisickmm@hhs.gov,ROEmYvCLYZ
816,mcleatonmn,eandrysmn@nsw.gov.au,hiYRw9ULqT3
817,cranyelldmo,jheffymo@e-recht24.de,SypxoddQF
818,slangridgemp,aharyngtonmp@uiuc.edu,zPJu7kHHfe
819,mrumblemq,ccorkittmq@bloglines.com,mlbMTtLWB
820,divanchikovmr,rwinckworthmr@ucoz.com,IpHvk6PT
821,wtweddlems,ldrakersms@mayoclinic.com,Ddyunv8nicYx
822,droundtreemt,rlanemt@photobucket.com,V2WNHVv4M
823,lcarrellmu,aondricekmu@163.com,AjIDcS47H5O
824,bmcgarelmv,wrosewallmv@sbwire.com,DnxBzXid
825,isimonsonmw,cklavesmw@tmall.com,7LGkFP
826,gbotterillmx,ckarlemx@sohu.com,vGMQfCEJHi
827,pmewhirtermy,sbouldstridgemy@t-online.de,0AahgBK1r
828,alaymz,biacovinimz@jugem.jp,KYZMjbD0E
829,apasson0,dcorssenn0@sina.com.cn,KIzsTxbpCG7
830,atoghern1,bstollin1@google.nl,cXvNSCcTKw
831,fweatherbyn2,ostonesn2@cbslocal.com,Yv05lxziMnz
832,cpearlen3,kgowlandn3@elpais.com,99lODune
833,ccellonin4,rmeijern4@stanford.edu,z5XO3V
834,fferencn5,leringtonn5@google.co.uk,e8dryxr
835,bdineenn6,lboudan6@google.ca,kombw7B
836,hshieldsn7,cmonckmann7@sciencedirect.com,qb6iCG2NK
837,jvidon8,lvockinsn8@odnoklassniki.ru,iNJqBRptm1JX
838,rsterren9,dpondn9@reddit.com,Pz77pAvzD
839,jbottellna,rjozsikana@mashable.com,cQ5knt
840,ktomeknb,uadamenb@gravatar.com,Trr3vxYH
841,sclellnc,jbompassnc@trellian.com,LDyROO
842,gchattertonnd,dgullivannd@wikispaces.com,4OWFyV2U2h
843,rhammantne,machurchne@skyrock.com,vMI0yXxV6BWa
844,kkopfernf,rkittredgenf@hexun.com,o4HgIxubGdDg
845,mmcallasterng,dthayng@soup.io,6wPnkNjbE9iQ
846,ralabasternh,jfawloenh@blogspot.com,t6bEML
847,jspurlingni,gaizikovni@sbwire.com,Cy9jAI
848,hparrinnj,mmcchruiternj@fotki.com,5ekiwvy
849,aranscomenk,rpenkenk@hatena.ne.jp,xQruIunom
850,ptolossinl,cexellnl@yelp.com,ySreaF
851,ceasleanm,eendsnm@youtu.be,ZMVlfQhsUO0J
852,dbrewisnn,zballamnn@cmu.edu,OI2AFKcv
853,rwinskillno,cwestmorlandno@smugmug.com,ADFEFnBzY
854,awillnp,arameletnp@google.com.au,XMoYvk
855,jsnowmannq,cgraalnq@tinyurl.com,er6T04V
856,wsympernr,gspaceynr@imageshack.us,omiY6XtoNY
857,lpembryns,cstreatns@discuz.net,77dxmX
858,lgierkent,dbahikent@t.co,KIMz7pCs0h
859,gbaintonnu,spohlingnu@i2i.jp,lWXN53d9JyPR
860,kbouldnv,wstrappnv@ed.gov,9tIzFT
861,mbenittinw,mpiwellnw@amazon.co.jp,4mZ6ek7N5st
862,mmarkingnx,sblocknx@elpais.com,e8DU2rKx
863,khyettny,daizicny@cnbc.com,tkcRO2jGm99
864,asummerlienz,pgossnz@yahoo.co.jp,LkGWp3OTZ
865,dbruntjeno0,swillartono0@tuttocitta.it,CMES25hqcs
866,elampbrechto1,wtomaszewiczo1@edublogs.org,uDkJ4edT
867,tpellero2,donraeto2@hibu.com,z4CbbYEO6U
868,agoundryo3,cteissiero3@reference.com,WSMEhhqCc8
869,emccaddeno4,dcorstorphineo4@chronoengine.com,ZtiAnYA
870,kapedaileo5,anysseno5@ebay.co.uk,4ww76Jlpwn0
871,hreckeo6,jcamfieldo6@ask.com,T5reyV3hA4
872,wchieseo7,ptymo7@surveymonkey.com,LfRczCczs
873,pneguso8,acastono8@amazon.co.uk,vM4K47aS3qhH
874,asabino9,jhatfieldo9@utexas.edu,S6Y7gx0PN
875,hranaghanoa,fstirmanoa@biglobe.ne.jp,PVhRV7QE
876,osquelchob,fpatekob@washingtonpost.com,CwYgMKMRzqta
877,nfulksoc,gmurdieoc@flickr.com,NVjvvaCK1RhZ
878,mgrettonod,bmurbyod@europa.eu,NDwifwbZ
879,reverittoe,rserjeantsonoe@privacy.gov.au,eVHpSOQaIg
880,dstillmannof,zkoschekof@unblog.fr,G1LE2oTE9T
881,rlammersog,ckeetchog@fema.gov,56I2Omn
882,eruberryoh,erohloffoh@qq.com,LFR3JpgTTmt
883,wclewarthoi,rmarousekoi@squidoo.com,irhTqR7sR4O
884,cshakespeareoj,opesticciooj@google.com,zmI6wdBkZZ
885,ncartinok,ohavillok@ebay.co.uk,UvOMO8gFA
886,jellulol,csalternol@mtv.com,wboJyWWAN
887,vingolottiom,pcundeyom@virginia.edu,ijeFBcWJ
888,mgunninghamon,jgoeffon@sbwire.com,B9sjr4F8ZB
889,hzylbermannoo,chadleyoo@photobucket.com,iVHGlu8FF8
890,africhleyop,ncooplandop@wiley.com,brRRZCBb5
891,mfoyoq,akayeoq@bandcamp.com,mVtlo8nYC
892,jelcyor,thedgemanor@github.io,kNFehms5
893,cvanoordos,gendicottos@vistaprint.com,ZktEhhABr
894,anobleot,aarboineot@mayoclinic.com,mZZntim
895,lfearnyoughou,favoou@newsvine.com,tRmxX7K9
896,gparlottov,iscarthov@vinaora.com,PnXpT5Tinj
897,hgarwoodow,npielow@apple.com,K0djzFPw5
898,bbraidonox,hpetigrewox@cornell.edu,pJ5YL4HyLAlQ
899,emizzenoy,vbarnhilloy@goo.ne.jp,1Yglbji
900,nhoxeyoz,cshakeladyoz@homestead.com,Onho9M5uqFhu
901,aovesenp0,iadamolip0@twitpic.com,BMwtgQw5dv
902,dsouthgatep1,edulsonp1@msu.edu,txGN8ucNLgO6
903,csharplep2,fguiraup2@globo.com,rjQVMXWz
904,smckenziep3,jsimonssonp3@patch.com,MH6EdDrhLV
905,fjanousekp4,cjoreaup4@dropbox.com,XaNm7m55JrM
906,prixonp5,kpattissonp5@dyndns.org,fGLLcykl9uaA
907,cmuriep6,mlothlorienp6@1und1.de,94Cnvx6Ibq
908,ofendlenp7,fboatrightp7@mozilla.org,wCRZf4Vddt08
909,imccronep8,tlantophp8@census.gov,k52Q5iWimg1
910,dmilhamp9,eszepep9@kickstarter.com,SNl5nC
911,cmetherellpa,awillacotpa@canalblog.com,wL0Pl5
912,amactrustiepb,slethabridgepb@amazon.de,iCFIdGy
913,haykroydpc,mvillaltapc@shop-pro.jp,zKx9Bg
914,kpappipd,elakespd@opera.com,fwxo8by5
915,rsheeringpe,bpawelskipe@skyrock.com,sZRULOtqid
916,mluffmanpf,aornelespf@prweb.com,leU8KOV
917,mguddepg,akuhwaldpg@omniture.com,el5YG8b5e3P
918,epietriph,rgeekieph@livejournal.com,RKTBsZ
919,vspearepi,sbeagriepi@quantcast.com,GsCwbLSsa
920,dmilbankpj,dalesinpj@drupal.org,tmMF710
921,kfilshinpk,kgoodypk@hc360.com,RD9wr1Aeb
922,itoupepl,cvankinpl@surveymonkey.com,RxMUWTR8pim
923,wgilvearpm,cthornewellpm@indiatimes.com,pHHUBUrIFQz
924,jpleumanpn,lbaudoupn@technorati.com,apwPRt
925,gmcentegartpo,hmathwenpo@state.gov,N4Di4QA
926,calandpp,phamlingtonpp@latimes.com,DfYxfO
927,bferencowiczpq,fjiruspq@narod.ru,k5ZaT5v8bV
928,rgarnallpr,bmargaritellipr@infoseek.co.jp,4rltMFz
929,tloudeps,mrimesps@phoca.cz,uRjzm4
930,gbroomept,kholtumpt@abc.net.au,CrVoYs
931,cstanyerpu,ahadwickpu@twitpic.com,Gnn7TX
932,whoffmanpv,pdomonipv@cam.ac.uk,vergXfUhm8B
933,ebradbornepw,oprinettpw@wikispaces.com,7OPaCDg1g
934,lcasarilipx,mbrazearpx@xrea.com,It8zo19
935,rsearlpy,jlangthornepy@sphinn.com,RYOLdmx
936,gprentypz,gjanningpz@salon.com,AvwTDOlZ0y5
937,gvennersq0,tbonomeq0@lulu.com,Xb197i
938,ebogaysq1,ddrescherq1@cdbaby.com,1A4tIoZEJ
939,bfiddimanq2,mcoeyq2@google.fr,FMWL5ynRoUYI
940,jcutmereq3,nkerbeyq3@nytimes.com,8GGjHZTLYUyB
941,forwinq4,bjakovq4@wordpress.org,972naO6Gv
942,jgavrielliq5,coslarq5@youtu.be,XAFRbWvoWte
943,rgoldsberryq6,stroppmannq6@artisteer.com,rjeLTKs
944,kcuttlerq7,elechmereq7@mapquest.com,YlTp0jVKTHyw
945,belkingtonq8,ostorckeq8@unc.edu,TejsP7uVNn
946,ndirandq9,hgalierq9@jimdo.com,rQyyWY
947,jfarendenqa,tcottamqa@spiegel.de,wVx83SFJ
948,dgroundwaterqb,aplumsteadqb@dion.ne.jp,ubvoZNBnzWwp
949,ibilboroughqc,xkittqc@newyorker.com,Kgzp2mC0jNuN
950,aprickettqd,tdemareqd@posterous.com,oxqeL8nLCP
951,abernaertqe,ywallheadqe@engadget.com,C1ytNr5V8m
952,rpoulterqf,fluckesqf@hostgator.com,tQrVQGaOe
953,dvinnicombeqg,zdrengqg@nytimes.com,Rw3hEF
954,bdeningtonqh,eosculleyqh@flavors.me,y00GuRl
955,dgorglerqi,sbessentqi@utexas.edu,C4gjqC8lK
956,hbourgetqj,btrevanqj@smugmug.com,DtVBL9
957,asichaqk,fsuffieldqk@fc2.com,WERJozS
958,ceisoldql,bseabornql@amazon.com,CWLQpV89Fyr
959,hglossopqm,bbruggemanqm@i2i.jp,zMG8RDKyAin
960,aclemmowqn,fmcauslandqn@tumblr.com,4nP9YuP
961,ncummingsqo,jelverstoneqo@hibu.com,EhANIACH
962,paugarqp,gwillimotqp@ezinearticles.com,zLCNoxbfk
963,ngermanqq,mpondjonesqq@fema.gov,Mh3tgEZz
964,mgilloppqr,tmangionqr@usa.gov,EFbefA
965,syashaevqs,sboweqs@deliciousdays.com,JpUs0D
966,wfassumqt,gethersonqt@home.pl,oYoZQQjUjebm
967,cgoldsberryqu,hgatsbyqu@angelfire.com,qc9N3t6Qp8cS
968,ustebbinqv,hcornallqv@fc2.com,tJs8djxKy7
969,ltookeqw,lcrayqw@unc.edu,xQDbTDm
970,rdibartolommeoqx,ghulleqx@tuttocitta.it,7Tm9Lx2Q
971,kcalkenqy,ahargittqy@nsw.gov.au,rs6ngA
972,njevonqz,halekseevqz@huffingtonpost.com,iOXpT7Wy0iO
973,chylandsr0,lsoppethr0@state.tx.us,0gvtnsjQr
974,dweissr1,tjuraszr1@mlb.com,5S7wxsVUDx
975,lcreeser2,mscanlonr2@sogou.com,2kPpCaY
976,myeler3,mwallesr3@delicious.com,9JppqM7lu2Cn
977,earonowr4,drober4@ehow.com,26rwiitZnxO
978,rkightlyr5,elochetr5@plala.or.jp,78TCso6ac
979,senglishbyr6,atarbattr6@bandcamp.com,cIDXVLo
980,flehemannr7,lstruysr7@dyndns.org,vBcLaoVw5KO
981,gwigleyr8,cthebesr8@irs.gov,lt5Ucqxq
982,eschruurr9,mbendikr9@weibo.com,1QvtPonZ
983,dadamoviczra,ameasra@multiply.com,APCd8lA5T8
984,nbuddockrb,ccarrickrb@mozilla.org,sVL7uL3C
985,sborgarsrc,jvandalenrc@arstechnica.com,x9LVrFW9y
986,jambrozrd,fwyleyrd@fema.gov,lFadT5iMiuE9
987,scrutre,dtinglyre@earthlink.net,mj0oFhtM
988,rmcnallyrf,ajeensrf@instagram.com,PWZqAonT
989,bdowsettrg,bgeorghiourg@discovery.com,UX9DDzTw
990,omacvaghrh,smaytomrh@nydailynews.com,gFmFI9Nmq4
991,estroulgerri,cbrasseurri@so-net.ne.jp,m0VbTSG8J
992,npierrorj,ajurgenrj@blog.com,fYzASvcaz2dR
993,ieldonrk,asemeniukrk@google.it,iBEq05
994,tsisselotrl,ntennewellrl@homestead.com,rUu2DEfK
995,fflewinrm,gbriddenrm@reference.com,tS0AtvD
996,ahuckerrn,blomondrn@over-blog.com,WdwUmdX
997,mblonfieldro,nchingro@mlb.com,q2YuX8
998,ewillowayrp,naronovrp@blogger.com,ttofpxC
999,vholsonrq,tcleoburyrq@indiegogo.com,xwAygtPN
1000,udillawayrr,rtockrr@1und1.de,5h614XYQ
